{
    "uvs":[],
    "vertices":[0.643788,-0.976504,1.22452,0.643788,1.0235,1.22452,0.643788,-0.976504,-0.775478,0.643788,1.0235,-0.775478,2.64379,-0.976504,1.22452,2.64379,1.0235,1.22452,2.64379,-0.976504,-0.775478,2.64379,1.0235,-0.775478],
    "materials":[],
    "faces":[35,0,1,3,2,0,0,0,0,0,35,2,3,7,6,0,1,1,1,1,35,6,7,5,4,0,2,2,2,2,35,1,0,4,5,0,3,3,3,3,35,4,0,2,6,0,4,4,4,4,35,7,3,1,5,0,5,5,5,5],
    "metadata":{
        "materials":0,
        "version":3,
        "faces":6,
        "generator":"io_three",
        "type":"Geometry",
        "uvs":0,
        "vertices":8,
        "normals":6
    },
    "normals":[-1,0,0,-0,0,-1,1,0,0,0,5.96046e-08,1,0,-1,2.98023e-08,0,1,-5.96046e-08]
}