{
    "uvs":[],
    "vertices":[-0.216965,-0.577595,1.09951,-0.216965,1.4224,1.09951,-0.216965,-0.577596,-3.29653,-0.22617,1.43161,-3.30574,1.78303,-0.577595,1.09951,1.78303,1.4224,1.09951,1.78303,-0.577596,-3.29653,1.79224,1.43161,-3.30574],
    "materials":[{
        "wireframe":false,
        "blending":"NormalBlending",
        "shading":"phong",
        "DbgName":"Material.001",
        "colorDiffuse":[0.64,0.00339581,0],
        "colorEmissive":[0,0,0],
        "visible":true,
        "depthWrite":true,
        "specularCoef":50,
        "depthTest":true,
        "opacity":1,
        "colorSpecular":[0.5,0.5,0.5],
        "DbgIndex":0,
        "transparent":false,
        "DbgColor":15658734
    }],
    "faces":[35,0,1,3,2,0,0,0,0,0,35,2,3,7,6,0,1,1,1,1,35,6,7,5,4,0,2,2,2,2,35,1,0,4,5,0,3,3,3,3,35,4,0,2,6,0,4,4,4,4,35,7,3,1,5,0,5,5,5,5],
    "metadata":{
        "materials":1,
        "version":3,
        "faces":6,
        "generator":"io_three",
        "type":"Geometry",
        "uvs":0,
        "vertices":8,
        "normals":6
    },
    "normals":[-0.999997,-0.00229347,0.00104342,0,-0.00458118,-0.999989,0.999997,-0.00229347,0.00104342,0,0,1,0,-1,4.06761e-08,0,0.999998,0.00208941]
}